{
  "src/lib/components/PivotTable.react.js": {
    "description": "...", 
    "displayName": "PivotTable", 
    "methods": [
      {
        "name": "handleChange", 
        "docblock": null, 
        "modifiers": [], 
        "params": [
          {
            "name": "state", 
            "type": null
          }
        ], 
        "returns": null
      }
    ], 
    "props": {
      "id": {
        "type": {
          "name": "string"
        }, 
        "required": false, 
        "description": "The ID used to identify this component in Dash callbacks"
      }, 
      "setProps": {
        "type": {
          "name": "func"
        }, 
        "required": false, 
        "description": "Dash-assigned callback that should be called whenever any of the\nproperties change"
      }, 
      "data": {
        "type": {
          "name": "array"
        }, 
        "required": false, 
        "description": "The input data"
      }, 
      "hiddenAttributes": {
        "type": {
          "name": "array"
        }, 
        "required": false, 
        "description": "contains attribute names to omit from the UI", 
        "defaultValue": {
          "value": "[]", 
          "computed": false
        }
      }, 
      "hiddenFromAggregators": {
        "type": {
          "name": "array"
        }, 
        "required": false, 
        "description": "contains attribute names to omit from the aggregator arguments dropdowns", 
        "defaultValue": {
          "value": "[]", 
          "computed": false
        }
      }, 
      "hiddenFromDragDrop": {
        "type": {
          "name": "array"
        }, 
        "required": false, 
        "description": "contains attribute names to omit from the drag'n'drop portion of the UI", 
        "defaultValue": {
          "value": "[]", 
          "computed": false
        }
      }, 
      "menuLimit": {
        "type": {
          "name": "number"
        }, 
        "required": false, 
        "description": "maximum number of values to list in the double-click menu", 
        "defaultValue": {
          "value": "500", 
          "computed": false
        }
      }, 
      "unusedOrientationCutoff": {
        "type": {
          "name": "number"
        }, 
        "required": false, 
        "description": "If the attributes' names' combined length in characters exceeds this\nvalue then the unused attributes area will be shown vertically to the\nleft of the UI instead of horizontally above it. 0 therefore means\n'always vertical', and Infinity means 'always horizontal'.", 
        "defaultValue": {
          "value": "0", 
          "computed": false
        }
      }, 
      "cols": {
        "type": {
          "name": "array"
        }, 
        "required": false, 
        "description": "Which columns are currently in the column area"
      }, 
      "colOrder": {
        "type": {
          "name": "string"
        }, 
        "required": false, 
        "description": "the order in which column data is provided to the renderer, must be one\nof \"key_a_to_z\", \"value_a_to_z\", \"value_z_to_a\", ordering by value\norders by column total"
      }, 
      "rows": {
        "type": {
          "name": "array"
        }, 
        "required": false, 
        "description": "Which rows is currently inside the row area."
      }, 
      "rowOrder": {
        "type": {
          "name": "string"
        }, 
        "required": false, 
        "description": "the order in which row data is provided to the renderer, must be one\nof \"key_a_to_z\", \"value_a_to_z\", \"value_z_to_a\", ordering by value\norders by row total"
      }, 
      "aggregatorName": {
        "type": {
          "name": "string"
        }, 
        "required": false, 
        "description": "Which aggregator is currently selected. E.g. Count, Sum, Average, etc."
      }, 
      "vals": {
        "type": {
          "name": "array"
        }, 
        "required": false, 
        "description": "Vals for the aggregator."
      }, 
      "valueFilter": {
        "type": {
          "name": "object"
        }, 
        "required": false, 
        "description": "Value filter for each attibute name."
      }, 
      "rendererName": {
        "type": {
          "name": "string"
        }, 
        "required": false, 
        "description": "Which renderer is currently selected. E.g. Table, Line Chart, Scatter\nChart, etc."
      }
    }
  }
}